-- MySQL Script generated by MySQL Workbench
-- Sun Mar 24 12:43:51 2024
-- Model: New Model    Version: 1.0
-- MySQL Workbench Forward Engineering

SET @OLD_UNIQUE_CHECKS=@@UNIQUE_CHECKS, UNIQUE_CHECKS=0;
SET @OLD_FOREIGN_KEY_CHECKS=@@FOREIGN_KEY_CHECKS, FOREIGN_KEY_CHECKS=0;
SET @OLD_SQL_MODE=@@SQL_MODE, SQL_MODE='ONLY_FULL_GROUP_BY,STRICT_TRANS_TABLES,NO_ZERO_IN_DATE,NO_ZERO_DATE,ERROR_FOR_DIVISION_BY_ZERO,NO_ENGINE_SUBSTITUTION';

-- -----------------------------------------------------
-- Schema Greenspot
-- -----------------------------------------------------

-- -----------------------------------------------------
-- Schema Greenspot
-- -----------------------------------------------------
CREATE SCHEMA IF NOT EXISTS `Greenspot` DEFAULT CHARACTER SET utf8 ;
USE `Greenspot` ;

-- -----------------------------------------------------
-- Table `Greenspot`.`Item`
-- -----------------------------------------------------
CREATE TABLE IF NOT EXISTS `Greenspot`.`Item` (
  `ItemNum` INT NOT NULL,
  `Descr` VARCHAR(45) NULL,
  `Cost` DECIMAL(5,2) NULL,
  `Price` DECIMAL(5,2) NULL,
  `ItemType` VARCHAR(25) NULL,
  `Unit` VARCHAR(25) NULL,
  PRIMARY KEY (`ItemNum`))
ENGINE = InnoDB;


-- -----------------------------------------------------
-- Table `Greenspot`.`Stock`
-- -----------------------------------------------------
CREATE TABLE IF NOT EXISTS `Greenspot`.`Stock` (
  `StockNum` INT NOT NULL,
  `StockDate` DATE NULL,
  `StockItemNum` INT NULL,
  `StockQty` INT NULL,
  `Location` VARCHAR(25) NULL,
  PRIMARY KEY (`StockNum`),
  INDEX `ItemNum_idx` (`StockItemNum` ASC) ,
  CONSTRAINT `StockItemNum`
    FOREIGN KEY (`StockItemNum`)
    REFERENCES `Greenspot`.`Item` (`ItemNum`)
    ON DELETE NO ACTION
    ON UPDATE NO ACTION)
ENGINE = InnoDB;


-- -----------------------------------------------------
-- Table `Greenspot`.`Vendor`
-- -----------------------------------------------------
CREATE TABLE IF NOT EXISTS `Greenspot`.`Vendor` (
  `VendorID` VARCHAR(25) NOT NULL,
  `VendorName` VARCHAR(25) NULL,
  `VendorAddr` VARCHAR(45) NULL,
  PRIMARY KEY (`VendorID`))
ENGINE = InnoDB;


-- -----------------------------------------------------
-- Table `Greenspot`.`Customer`
-- -----------------------------------------------------
CREATE TABLE IF NOT EXISTS `Greenspot`.`Customer` (
  `CustomerNum` INT NOT NULL,
  `CustomerName` VARCHAR(25) NULL,
  `CustomerAddr` VARCHAR(45) NULL,
  PRIMARY KEY (`CustomerNum`))
ENGINE = InnoDB;


-- -----------------------------------------------------
-- Table `Greenspot`.`Subscription`
-- -----------------------------------------------------
CREATE TABLE IF NOT EXISTS `Greenspot`.`Subscription` (
  `SubNum` INT NOT NULL,
  `CustomerNum` INT NULL,
  `SubDate` DATE NULL,
  `SubItemNum` INT NULL,
  `SubQty` INT NULL,
  PRIMARY KEY (`SubNum`),
  INDEX `CustomerNum_idx` (`CustomerNum` ASC) ,
  INDEX `ItemNum_idx` (`SubItemNum` ASC) ,
  CONSTRAINT `CustomerNum`
    FOREIGN KEY (`CustomerNum`)
    REFERENCES `Greenspot`.`Customer` (`CustomerNum`)
    ON DELETE NO ACTION
    ON UPDATE NO ACTION,
  CONSTRAINT `SubItemNum`
    FOREIGN KEY (`SubItemNum`)
    REFERENCES `Greenspot`.`Item` (`ItemNum`)
    ON DELETE NO ACTION
    ON UPDATE NO ACTION)
ENGINE = InnoDB;


-- -----------------------------------------------------
-- Table `Greenspot`.`Purchase`
-- -----------------------------------------------------
CREATE TABLE IF NOT EXISTS `Greenspot`.`Purchase` (
  `PurchaseNum` INT NOT NULL,
  `PurchaseDate` DATE NULL,
  `ItemNum` INT NULL,
  `PurchaseQty` INT NULL,
  `VendorID` VARCHAR(25) NULL,
  PRIMARY KEY (`PurchaseNum`),
  INDEX `VendorID_idx` (`VendorID` ASC),
  INDEX `ItemNum_idx` (`ItemNum` ASC),
  CONSTRAINT `VendorID`
    FOREIGN KEY (`VendorID`)
    REFERENCES `Greenspot`.`Vendor` (`VendorID`)
    ON DELETE NO ACTION
    ON UPDATE NO ACTION,
  CONSTRAINT `ItemNum`
    FOREIGN KEY (`ItemNum`)
    REFERENCES `Greenspot`.`Item` (`ItemNum`)
    ON DELETE NO ACTION
    ON UPDATE NO ACTION
)
ENGINE = InnoDB;



SET SQL_MODE=@OLD_SQL_MODE;
SET FOREIGN_KEY_CHECKS=@OLD_FOREIGN_KEY_CHECKS;
SET UNIQUE_CHECKS=@OLD_UNIQUE_CHECKS;

-- -----------------------------------------------------
-- Data for table `Greenspot`.`Item`
-- -----------------------------------------------------
START TRANSACTION;
USE `Greenspot`;
INSERT INTO `Greenspot`.`Item` (`ItemNum`, `Descr`, `Cost`, `Price`, `ItemType`, `Unit`) VALUES (1000, 'Bennet Farm free-range eggs', 2.35, 5.49, 'Dairy', 'dozen');
INSERT INTO `Greenspot`.`Item` (`ItemNum`, `Descr`, `Cost`, `Price`, `ItemType`, `Unit`) VALUES (1100, 'Freshness White beans', 0.69, 1.49, 'Canned', '12-oz can');
INSERT INTO `Greenspot`.`Item` (`ItemNum`, `Descr`, `Cost`, `Price`, `ItemType`, `Unit`) VALUES (1222, 'Freshness Green beans', 0.59, 1.29, 'Canned', '12-oz can');
INSERT INTO `Greenspot`.`Item` (`ItemNum`, `Descr`, `Cost`, `Price`, `ItemType`, `Unit`) VALUES (1223, 'Freshness Green beans', 1.75, 3.49, 'Canned', '36 oz can');
INSERT INTO `Greenspot`.`Item` (`ItemNum`, `Descr`, `Cost`, `Price`, `ItemType`, `Unit`) VALUES (1224, 'Freshness Wax beans', 0.65, 1.55, 'Canned', '12-oz can');
INSERT INTO `Greenspot`.`Item` (`ItemNum`, `Descr`, `Cost`, `Price`, `ItemType`, `Unit`) VALUES (2000, 'Ruby\'s Kale', 1.29, 3.99, 'Produce', 'bunch');
INSERT INTO `Greenspot`.`Item` (`ItemNum`, `Descr`, `Cost`, `Price`, `ItemType`, `Unit`) VALUES (2001, 'Ruby\'s Organic Kale', 2.19, 6.99, 'Produce', 'bunch');

COMMIT;


-- -----------------------------------------------------
-- Data for table `Greenspot`.`Stock`
-- -----------------------------------------------------
START TRANSACTION;
USE `Greenspot`;
INSERT INTO `Greenspot`.`Stock` (`StockNum`, `StockDate`, `StockItemNum`, `StockQty`, `Location`) VALUES (150, '2022-02-01', 1000, 29, 'D12');
INSERT INTO `Greenspot`.`Stock` (`StockNum`, `StockDate`, `StockItemNum`, `StockQty`, `Location`) VALUES (151, '2022-02-02', 1000, 27, 'D12');
INSERT INTO `Greenspot`.`Stock` (`StockNum`, `StockDate`, `StockItemNum`, `StockQty`, `Location`) VALUES (152, '2022-02-02', 1100, 13, 'A2');
INSERT INTO `Greenspot`.`Stock` (`StockNum`, `StockDate`, `StockItemNum`, `StockQty`, `Location`) VALUES (153, '2022-02-02', 1100, 53, 'A2');
INSERT INTO `Greenspot`.`Stock` (`StockNum`, `StockDate`, `StockItemNum`, `StockQty`, `Location`) VALUES (154, '2022-02-02', 2000, 3, 'P12');
INSERT INTO `Greenspot`.`Stock` (`StockNum`, `StockDate`, `StockItemNum`, `StockQty`, `Location`) VALUES (155, '2022-02-04', 1000, 25, 'D12');
INSERT INTO `Greenspot`.`Stock` (`StockNum`, `StockDate`, `StockItemNum`, `StockQty`, `Location`) VALUES (156, '2022-02-07', 1100, 45, 'A2');
INSERT INTO `Greenspot`.`Stock` (`StockNum`, `StockDate`, `StockItemNum`, `StockQty`, `Location`) VALUES (157, '2022-02-10', 1222, 59, 'A3');
INSERT INTO `Greenspot`.`Stock` (`StockNum`, `StockDate`, `StockItemNum`, `StockQty`, `Location`) VALUES (158, '2022-02-10', 1223, 12, 'A7');
INSERT INTO `Greenspot`.`Stock` (`StockNum`, `StockDate`, `StockItemNum`, `StockQty`, `Location`) VALUES (159, '2022-02-10', 1224, 31, 'A3');
INSERT INTO `Greenspot`.`Stock` (`StockNum`, `StockDate`, `StockItemNum`, `StockQty`, `Location`) VALUES (160, '2022-02-11', 1000, 21, 'D12');
INSERT INTO `Greenspot`.`Stock` (`StockNum`, `StockDate`, `StockItemNum`, `StockQty`, `Location`) VALUES (161, '2022-02-11', 1100, 41, 'A2');
INSERT INTO `Greenspot`.`Stock` (`StockNum`, `StockDate`, `StockItemNum`, `StockQty`, `Location`) VALUES (162, '2022-02-12', 1222, 47, 'A3');
INSERT INTO `Greenspot`.`Stock` (`StockNum`, `StockDate`, `StockItemNum`, `StockQty`, `Location`) VALUES (163, '2022-02-12', 1224, 23, 'A3');
INSERT INTO `Greenspot`.`Stock` (`StockNum`, `StockDate`, `StockItemNum`, `StockQty`, `Location`) VALUES (164, '2022-02-12', 2000, 28, 'P12');
INSERT INTO `Greenspot`.`Stock` (`StockNum`, `StockDate`, `StockItemNum`, `StockQty`, `Location`) VALUES (165, '2022-02-12', 2001, 20, 'PO2');
INSERT INTO `Greenspot`.`Stock` (`StockNum`, `StockDate`, `StockItemNum`, `StockQty`, `Location`) VALUES (166, '2022-02-13', 1223, 7, 'A7');
INSERT INTO `Greenspot`.`Stock` (`StockNum`, `StockDate`, `StockItemNum`, `StockQty`, `Location`) VALUES (167, '2022-02-13', 2001, 19, 'PO2');
INSERT INTO `Greenspot`.`Stock` (`StockNum`, `StockDate`, `StockItemNum`, `StockQty`, `Location`) VALUES (168, '2022-02-14', 2001, 7, 'PO2');
INSERT INTO `Greenspot`.`Stock` (`StockNum`, `StockDate`, `StockItemNum`, `StockQty`, `Location`) VALUES (169, '2022-02-15', 1223, 17, 'A7');
INSERT INTO `Greenspot`.`Stock` (`StockNum`, `StockDate`, `StockItemNum`, `StockQty`, `Location`) VALUES (170, '2022-02-15', 2000, 26, 'P12');

COMMIT;


-- -----------------------------------------------------
-- Data for table `Greenspot`.`Vendor`
-- -----------------------------------------------------
START TRANSACTION;
USE `Greenspot`;
INSERT INTO `Greenspot`.`Vendor` (`VendorID`, `VendorName`, `VendorAddr`) VALUES ('BEN', 'Bennet Farms, Rt.', '17 Evansville, IL 55446');
INSERT INTO `Greenspot`.`Vendor` (`VendorID`, `VendorName`, `VendorAddr`) VALUES ('FRE', 'Freshness, Inc. ', '202 E. Maple St., St. Joseph, MO 45678');
INSERT INTO `Greenspot`.`Vendor` (`VendorID`, `VendorName`, `VendorAddr`) VALUES ('RUB', 'Ruby Redd Produce, LLC', '1212 Milam St., Kenosha, AL, 34567');

COMMIT;


-- -----------------------------------------------------
-- Data for table `Greenspot`.`Customer`
-- -----------------------------------------------------
START TRANSACTION;
USE `Greenspot`;
INSERT INTO `Greenspot`.`Customer` (`CustomerNum`, `CustomerName`, `CustomerAddr`) VALUES (100988, NULL, NULL);
INSERT INTO `Greenspot`.`Customer` (`CustomerNum`, `CustomerName`, `CustomerAddr`) VALUES (111000, NULL, NULL);
INSERT INTO `Greenspot`.`Customer` (`CustomerNum`, `CustomerName`, `CustomerAddr`) VALUES (196777, NULL, NULL);
INSERT INTO `Greenspot`.`Customer` (`CustomerNum`, `CustomerName`, `CustomerAddr`) VALUES (198765, NULL, NULL);
INSERT INTO `Greenspot`.`Customer` (`CustomerNum`, `CustomerName`, `CustomerAddr`) VALUES (202900, NULL, NULL);
INSERT INTO `Greenspot`.`Customer` (`CustomerNum`, `CustomerName`, `CustomerAddr`) VALUES (277177, NULL, NULL);

COMMIT;


-- -----------------------------------------------------
-- Data for table `Greenspot`.`Subscription`
-- -----------------------------------------------------
START TRANSACTION;
USE `Greenspot`;
INSERT INTO `Greenspot`.`Subscription` (`SubNum`, `CustomerNum`, `SubDate`, `SubItemNum`, `SubQty`) VALUES (110, 100988, '2022-02-13', 2001, 1);
INSERT INTO `Greenspot`.`Subscription` (`SubNum`, `CustomerNum`, `SubDate`, `SubItemNum`, `SubQty`) VALUES (108, 111000, '2022-02-12', 1222, 12);
INSERT INTO `Greenspot`.`Subscription` (`SubNum`, `CustomerNum`, `SubDate`, `SubItemNum`, `SubQty`) VALUES (104, 196777, '2022-02-04', 1000, 2);
INSERT INTO `Greenspot`.`Subscription` (`SubNum`, `CustomerNum`, `SubDate`, `SubItemNum`, `SubQty`) VALUES (101, 198765, '2022-02-02', 1000, 2);
INSERT INTO `Greenspot`.`Subscription` (`SubNum`, `CustomerNum`, `SubDate`, `SubItemNum`, `SubQty`) VALUES (102, 202900, '2022-02-02', 1100, 2);
INSERT INTO `Greenspot`.`Subscription` (`SubNum`, `CustomerNum`, `SubDate`, `SubItemNum`, `SubQty`) VALUES (106, 277177, '2022-02-11', 1000, 4);
INSERT INTO `Greenspot`.`Subscription` (`SubNum`, `CustomerNum`, `SubDate`, `SubItemNum`, `SubQty`) VALUES (113, 111000, '2022-02-15', 2000, 2);
INSERT INTO `Greenspot`.`Subscription` (`SubNum`, `CustomerNum`, `SubDate`, `SubItemNum`, `SubQty`) VALUES (105, 198765, '2022-02-07', 1100, 8);
INSERT INTO `Greenspot`.`Subscription` (`SubNum`, `CustomerNum`, `SubDate`, `SubItemNum`, `SubQty`) VALUES (111, 198765, '2022-02-13', 1223, 5);
INSERT INTO `Greenspot`.`Subscription` (`SubNum`, `CustomerNum`, `SubDate`, `SubItemNum`, `SubQty`) VALUES (112, 202900, '2022-02-14', 2001, 12);
INSERT INTO `Greenspot`.`Subscription` (`SubNum`, `CustomerNum`, `SubDate`, `SubItemNum`, `SubQty`) VALUES (103, NULL, '202-02-022', 2000, 2);
INSERT INTO `Greenspot`.`Subscription` (`SubNum`, `CustomerNum`, `SubDate`, `SubItemNum`, `SubQty`) VALUES (107, NULL, '2022-02-11', 1100, 4);
INSERT INTO `Greenspot`.`Subscription` (`SubNum`, `CustomerNum`, `SubDate`, `SubItemNum`, `SubQty`) VALUES (109, NULL, '2022-02-12', 1224, 8);

COMMIT;


-- -----------------------------------------------------
-- Data for table `Greenspot`.`Purchase`
-- -----------------------------------------------------
START TRANSACTION;
USE `Greenspot`;
INSERT INTO `Greenspot`.`Purchase` (`PurchaseNum`, `PurchaseDate`, `ItemNum`, `PurchaseQty`, `VendorID`) VALUES (30, '2022-02-01', 1000, 25, 'BEN');
INSERT INTO `Greenspot`.`Purchase` (`PurchaseNum`, `PurchaseDate`, `ItemNum`, `PurchaseQty`, `VendorID`) VALUES (31, '2022-02-02', 1100, 40, 'FRE');
INSERT INTO `Greenspot`.`Purchase` (`PurchaseNum`, `PurchaseDate`, `ItemNum`, `PurchaseQty`, `VendorID`) VALUES (32, '2022-02-10', 1222, 40, 'FRE');
INSERT INTO `Greenspot`.`Purchase` (`PurchaseNum`, `PurchaseDate`, `ItemNum`, `PurchaseQty`, `VendorID`) VALUES (33, '2022-02-10', 1223, 10, 'FRE');
INSERT INTO `Greenspot`.`Purchase` (`PurchaseNum`, `PurchaseDate`, `ItemNum`, `PurchaseQty`, `VendorID`) VALUES (34, '2022-02-10', 1224, 30, 'FRE');
INSERT INTO `Greenspot`.`Purchase` (`PurchaseNum`, `PurchaseDate`, `ItemNum`, `PurchaseQty`, `VendorID`) VALUES (35, '2022-02-12', 2000, 25, 'RUB');
INSERT INTO `Greenspot`.`Purchase` (`PurchaseNum`, `PurchaseDate`, `ItemNum`, `PurchaseQty`, `VendorID`) VALUES (36, '2022-02-12', 2001, 20, 'RUB');
INSERT INTO `Greenspot`.`Purchase` (`PurchaseNum`, `PurchaseDate`, `ItemNum`, `PurchaseQty`, `VendorID`) VALUES (37, '2022-02-15', 1223, 10, 'FRE');

COMMIT;

